{"cameraMode":{"drawMode":0,"name":"Shaded","section":"Shading Mode"},"sceneLighting":true,"audioPlay":false,"sceneViewState":{"m_AlwaysRefresh":false,"showFog":true,"showSkybox":true,"showFlares":true,"showImageEffects":true,"showParticleSystems":true,"showVisualEffectGraphs":true,"m_FxEnabled":true},"in2DMode":false,"pivot":{"x":-0.41163188219070437,"y":3.7982892990112306,"z":-4.6010823249816898},"rotation":{"x":-0.20719307661056519,"y":-0.18048696219921113,"z":0.038926221430301669,"w":-0.9607365131378174},"size":66.92122650146485,"orthographic":true}